--
-- PostgreSQL database dump
--

-- Dumped from database version 13.7 (Debian 13.7-0+deb11u1)
-- Dumped by pg_dump version 13.7 (Debian 13.7-0+deb11u1)

SET statement_timeout = 0;
SET lock_timeout = 0;
SET idle_in_transaction_session_timeout = 0;
SET client_encoding = 'UTF8';
SET standard_conforming_strings = on;
SELECT pg_catalog.set_config('search_path', '', false);
SET check_function_bodies = false;
SET xmloption = content;
SET client_min_messages = warning;
SET row_security = off;

SET default_tablespace = '';

SET default_table_access_method = heap;

--
-- Name: aerodromos; Type: TABLE; Schema: public; Owner: grupo20
--

CREATE TABLE public.aerodromos (
    aerodromo_id integer NOT NULL,
    codigo_iata character varying(30),
    codigo_icao character varying(30),
    nombre character varying(100),
    coordenada_id integer,
    ciudad_id integer
);


ALTER TABLE public.aerodromos OWNER TO grupo20;

--
-- Name: aeronave; Type: TABLE; Schema: public; Owner: grupo20
--

CREATE TABLE public.aeronave (
    aeronave_id integer NOT NULL,
    nombre_aeronave character varying(100),
    modelo_aeronave character varying(100),
    peso_aeronave double precision,
    codigo_aeronave character varying(30)
);


ALTER TABLE public.aeronave OWNER TO grupo20;

--
-- Name: certificado; Type: TABLE; Schema: public; Owner: grupo20
--

CREATE TABLE public.certificado (
    certificado_id integer NOT NULL,
    fecha_habilitacion date,
    fecha_termino date,
    aeronave_id integer
);


ALTER TABLE public.certificado OWNER TO grupo20;

--
-- Name: ciudad; Type: TABLE; Schema: public; Owner: grupo20
--

CREATE TABLE public.ciudad (
    ciudad_id integer NOT NULL,
    nombre_ciudad character varying(100),
    pais_id integer
);


ALTER TABLE public.ciudad OWNER TO grupo20;

--
-- Name: compania; Type: TABLE; Schema: public; Owner: grupo20
--

CREATE TABLE public.compania (
    compania_id integer NOT NULL,
    nombre_compania character varying(100),
    codigo_compania character varying(100)
);


ALTER TABLE public.compania OWNER TO grupo20;

--
-- Name: coordenada; Type: TABLE; Schema: public; Owner: grupo20
--

CREATE TABLE public.coordenada (
    coordenada_id integer NOT NULL,
    latitud double precision,
    longitud double precision
);


ALTER TABLE public.coordenada OWNER TO grupo20;

--
-- Name: fpl; Type: TABLE; Schema: public; Owner: grupo20
--

CREATE TABLE public.fpl (
    fpl_id integer NOT NULL,
    ruta_id integer,
    velocidad double precision,
    altitud double precision,
    tipo character varying(100),
    max_pasajeros integer,
    realizado character varying(30),
    licencia_id_piloto integer,
    licencia_id_copiloto integer,
    vuelo_id integer
);


ALTER TABLE public.fpl OWNER TO grupo20;

--
-- Name: licencia; Type: TABLE; Schema: public; Owner: grupo20
--

CREATE TABLE public.licencia (
    licencia_id integer NOT NULL,
    fecha_habilitacion date,
    fecha_termino date,
    categoria character varying(100),
    pasaporte character varying(30)
);


ALTER TABLE public.licencia OWNER TO grupo20;

--
-- Name: operaciones; Type: TABLE; Schema: public; Owner: grupo20
--

CREATE TABLE public.operaciones (
    operacion_id integer NOT NULL,
    tipo character varying(30) NOT NULL,
    fpl_id integer,
    aerodromo_id integer,
    fecha date,
    puerto_id integer,
    pista_id integer,
    aeronave_id integer
);


ALTER TABLE public.operaciones OWNER TO grupo20;

--
-- Name: pais; Type: TABLE; Schema: public; Owner: grupo20
--

CREATE TABLE public.pais (
    pais_id integer NOT NULL,
    nombre_pais character varying(100)
);


ALTER TABLE public.pais OWNER TO grupo20;

--
-- Name: pista; Type: TABLE; Schema: public; Owner: grupo20
--

CREATE TABLE public.pista (
    pista_id integer NOT NULL,
    codigo_pista character varying(30),
    aerodromo_id integer
);


ALTER TABLE public.pista OWNER TO grupo20;

--
-- Name: propuestas; Type: TABLE; Schema: public; Owner: grupo20
--

CREATE TABLE public.propuestas (
    propuesta_vuelo_id integer NOT NULL,
    fecha_envio date,
    compania_id integer,
    vuelo_id integer
);


ALTER TABLE public.propuestas OWNER TO grupo20;

--
-- Name: puerto; Type: TABLE; Schema: public; Owner: grupo20
--

CREATE TABLE public.puerto (
    puerto_id integer NOT NULL,
    codigo_puerto character varying(30),
    aerodromo_id integer
);


ALTER TABLE public.puerto OWNER TO grupo20;

--
-- Name: ruta; Type: TABLE; Schema: public; Owner: grupo20
--

CREATE TABLE public.ruta (
    ruta_id integer NOT NULL,
    cardinalidad integer,
    nombre_ruta character varying(100),
    nombre_punto character varying(100),
    coordenada_id integer
);


ALTER TABLE public.ruta OWNER TO grupo20;

--
-- Name: vuelo; Type: TABLE; Schema: public; Owner: grupo20
--

CREATE TABLE public.vuelo (
    vuelo_id integer NOT NULL,
    estado character varying(30),
    codigo character varying(30),
    fecha_salida date,
    fecha_llegada date,
    aerodromo_salida integer,
    aerodromo_llegada integer,
    aeronave_id integer
);


ALTER TABLE public.vuelo OWNER TO grupo20;

--
-- Data for Name: aerodromos; Type: TABLE DATA; Schema: public; Owner: grupo20
--

COPY public.aerodromos (aerodromo_id, codigo_iata, codigo_icao, nombre, coordenada_id, ciudad_id) FROM stdin;
71	XSAM	WHO	Aeropuerto Internacional de Nueva York	0	0
11	FOLH	CKR	Aeropuerto Internacional John F. Kennedy	1	0
57	TCGF	SPT	Aeropuerto de Milán-Malpensa	2	1
55	TBJM	SFF	Aeropuerto de Roma-Fiumicino	3	2
37	NZTP	KZN	Aeropuerto Internacional Ben Gurión	4	3
27	KZZS	HRV	Aeropuerto Internacional de El Cairo	5	4
73	XSZW	WKT	Aeropuerto Internacional de Copiapo	6	5
75	YHEP	YGY	Aeropuerto Big Apple	7	0
33	NBMQ	JTM	Aeropuerto Internacional de Pekín	8	6
45	RCQR	OHI	Aeropuerto de Ámsterdam-Schiphol	9	7
65	VBIT	UYL	Aeropuerto Internacional de Maiquetía Simón Bolívar	10	8
41	PVOW	LMF	Aeropuerto Internacional de Icheon	11	9
15	GPRK	DUU	Aeropuerto Internacional de San Francisco	12	10
69	XOEY	VNN	Aeropuerto Internacional Ataturk	13	11
25	KMPW	HOX	Aeropuerto Internacional Kingsford Smith	14	12
67	XEWM	VBH	Aeropuerto de Ibiza	15	13
61	UQQX	TQV	Aeropuerto Internacional Eleftherios Venizelos	16	14
21	IWJC	HKA	Aeropuerto Internacional Toronto Pearson	17	15
35	NZTG	KFE	Aeropuerto Internacional Pudong	18	16
13	GAWW	CPH	Aeropuerto Internacional de Miami	19	17
63	URLQ	UAU	Aeropuerto Internacional Indira Gandhi	20	18
3	BVWK	BAH	Aeropuerto Internacional de Ezeiza	21	19
59	TQQZ	TEF	Aeropuerto de Hong Kong	22	20
7	EEGZ	BXS	Aeropuerto Internacional de Galeão	23	21
43	PYIM	NVI	Aeropuerto Internacional de Carrasco	24	22
29	MBOO	HSJ	Aeropuerto de Adolfo Suárez Madrid-Barajas	25	23
17	GSPA	EPM	Aeropuerto de la Ciudad de Londres	26	24
49	SGWN	QJM	Aeropuerto Internacional El Alto	27	25
53	TAZY	RRK	Aeropuerto Internacional Jorge Chávez	28	26
51	SIMJ	RFP	Aeropuerto Internacional de la Ciudad del Cabo	29	27
19	HGZT	HCM	Aeropuerto de París-Charles de Gaulle	30	28
31	MVPW	JIZ	Aeropuerto Josep Tarradellas Barcelona-El Prat	31	29
23	JKRA	HNB	Aeropuerto Internacional de Melbourne	32	30
5	DZFP	BKT	Aeropuerto Internacional de São Paulo-Guarulhos	33	31
1	BLFS	AWR	Aeropuerto Internacional Arturo Merino Benítez	34	5
9	FCJT	BYB	Aeropuerto Internacional O'Hare	35	32
47	SDSC	PKS	Aeropuerto Internacional de Cancún	36	33
39	PFXE	LCX	Aeropuerto Internacional de Haneda	37	34
77	ZGUA	ZLQ	Aeropuerto Internacional de Australia	38	12
\.


--
-- Data for Name: aeronave; Type: TABLE DATA; Schema: public; Owner: grupo20
--

COPY public.aeronave (aeronave_id, nombre_aeronave, modelo_aeronave, peso_aeronave, codigo_aeronave) FROM stdin;
0	Boeing KC-135	Stratotanker	44.663	PMJDMNY
1	Embraer E190	E190-AR	27.853	HEPBRIE
2	Boeing 737	737-800	41.415	VEMIWPS
3	Airbus A380	A380-700	267	REBDPFN
4	Boeing 747	747-300	178.1	YSLMIYD
5	Eurocopter EC725	Cougar Mk.II	5.505	HNRJJQB
6	Bombardier Global	Global 8000	24.63	RWDSNHW
7	Boeing C-17	Globemaster III	127.913	LNHBEFA
8	Airbus A380	A380-800	276	FSFMKAE
9	Embraer E175	E175-AR	21.906	RHVXKLV
10	Bombardier Global	Global 7500	27.987	WCRZZTI
11	Boeing 747	747-ER	184.6	NLBYLJG
12	Airbus A220	A220-300	37.081	MRUIKBP
13	Boeing 737	737-900ER	44.675	KYKNUTH
14	Boeing 737	737-700	38.15	ECWYCIG
15	Bombardier CRJ	CRJ900	22.48	JQLPBYZ
16	Airbus A380	A380 Prestige	282	WRAPXAO
17	Embraer E175	E175-LR	21.886	DTNMCIK
18	Embraer Legacy	Legacy 450	10.425	CZAGBGC
19	Boeing 737	737-400	33.2	ZQZKYVL
20	Boeing 737	737-600	36.38	BQIKFIC
21	Bombardier CRJ	CRJ700	20.509	NEWSDBH
22	Embraer Praetor	Praetor 600	11.503	WYPTNLZ
23	Embraer E190	E190-LR	27.753	CQRMLHT
24	Boeing 747	747-100	162.4	ALYMGWS
25	Embraer Legacy	Legacy 500	10.75	RVWDIMC
26	Embraer Praetor	Praetor 500	10.391	CMUZMTA
27	Embraer Phenom	300E	5.349	GNTSGWH
28	Boeing 747	747-200B	174	AMJXYDC
29	Boeing 747	747-400	178.75	HVKSCXU
30	Airbus A380	A380-800F	252	PNILCYN
31	Airbus A220	A220-100	35.221	OJFBABA
32	Airbus A350	A350-900	104.6	HTJXZZO
33	Boeing 737	737-500	31.3	KDFWVBZ
34	Boeing 737	737-200	28.12	TPUYDBP
\.


--
-- Data for Name: certificado; Type: TABLE DATA; Schema: public; Owner: grupo20
--

COPY public.certificado (certificado_id, fecha_habilitacion, fecha_termino, aeronave_id) FROM stdin;
4459	2022-02-20	2024-02-20	0
4826	2023-02-21	2025-02-20	1
4421	2022-02-20	2024-02-20	2
123	2021-02-19	2023-02-19	3
1989	2023-02-21	2025-02-20	4
1643	2022-02-20	2024-02-20	5
694	2023-02-21	2025-02-20	6
4030	2021-02-19	2023-02-19	7
4278	2022-02-20	2024-02-20	3
2747	2022-02-20	2024-02-20	8
3815	2023-02-21	2025-02-20	9
3295	2022-02-20	2024-02-20	9
1427	2023-02-21	2025-02-20	3
4559	2022-02-20	2024-02-20	10
3506	2023-02-21	2025-02-20	8
487	2021-02-19	2023-02-19	1
62	2022-02-20	2024-02-20	11
2340	2021-02-19	2023-02-19	8
422	2021-02-19	2023-02-19	12
4804	2021-02-19	2023-02-19	11
1145	2023-02-21	2025-02-20	13
1018	2021-02-19	2023-02-19	6
4069	2021-02-19	2023-02-19	14
3236	2022-02-20	2024-02-20	15
2387	2021-02-19	2023-02-19	0
3252	2022-02-20	2024-02-20	16
1086	2023-02-21	2025-02-20	17
4720	2022-02-20	2024-02-20	18
3829	2021-02-19	2023-02-19	19
849	2022-02-20	2024-02-20	20
483	2023-02-21	2025-02-20	11
3678	2022-02-20	2024-02-20	21
4002	2023-02-21	2025-02-20	22
3948	2023-02-21	2025-02-20	7
2780	2023-02-21	2025-02-20	23
3667	2021-02-19	2023-02-19	16
2695	2021-02-19	2023-02-19	24
1220	2023-02-21	2025-02-20	25
1801	2022-02-20	2024-02-20	12
1419	2023-02-21	2025-02-20	5
3225	2023-02-21	2025-02-20	15
1175	2021-02-19	2023-02-19	4
3699	2022-02-20	2024-02-20	19
529	2021-02-19	2023-02-19	18
2853	2023-02-21	2025-02-20	26
848	2022-02-20	2024-02-20	23
3247	2022-02-20	2024-02-20	7
4751	2023-02-21	2025-02-20	27
4079	2022-02-20	2024-02-20	28
4392	2022-02-20	2024-02-20	1
361	2022-02-20	2024-02-20	25
287	2022-02-20	2024-02-20	26
4600	2021-02-19	2023-02-19	13
3596	2021-02-19	2023-02-19	5
532	2023-02-21	2025-02-20	29
4247	2022-02-20	2024-02-20	24
4674	2021-02-19	2023-02-19	30
57	2023-02-21	2025-02-20	24
829	2021-02-19	2023-02-19	31
215	2022-02-20	2024-02-20	13
3802	2022-02-20	2024-02-20	29
2414	2022-02-20	2024-02-20	31
2548	2023-02-21	2025-02-20	21
3989	2021-02-19	2023-02-19	15
3061	2021-02-19	2023-02-19	27
3345	2023-02-21	2025-02-20	0
3256	2022-02-20	2024-02-20	32
217	2021-02-19	2023-02-19	23
817	2023-02-21	2025-02-20	31
1012	2023-02-21	2025-02-20	16
1286	2023-02-21	2025-02-20	2
3471	2023-02-21	2025-02-20	18
1096	2022-02-20	2024-02-20	27
1153	2022-02-20	2024-02-20	30
2573	2023-02-21	2025-02-20	30
4652	2022-02-20	2024-02-20	33
4413	2021-02-19	2023-02-19	22
4306	2023-02-21	2025-02-20	14
4194	2021-02-19	2023-02-19	21
1723	2023-02-21	2025-02-20	19
1809	2023-02-21	2025-02-20	28
4294	2022-02-20	2024-02-20	22
1886	2023-02-21	2025-02-20	12
1652	2021-02-19	2023-02-19	29
186	2022-02-20	2024-02-20	4
3799	2021-02-19	2023-02-19	17
89	2021-02-19	2023-02-19	26
428	2021-02-19	2023-02-19	25
2134	2023-02-21	2025-02-20	34
283	2022-02-20	2024-02-20	17
3209	2021-02-19	2023-02-19	20
206	2023-02-21	2025-02-20	32
3154	2021-02-19	2023-02-19	28
1761	2023-02-21	2025-02-20	10
2722	2021-02-19	2023-02-19	9
4942	2023-02-21	2025-02-20	33
1807	2023-02-21	2025-02-20	20
4060	2022-02-20	2024-02-20	34
1106	2021-02-19	2023-02-19	2
2757	2021-02-19	2023-02-19	32
2369	2022-02-20	2024-02-20	6
372	2021-02-19	2023-02-19	33
3009	2022-02-20	2024-02-20	14
2785	2021-02-19	2023-02-19	34
2169	2021-02-19	2023-02-19	10
\.


--
-- Data for Name: ciudad; Type: TABLE DATA; Schema: public; Owner: grupo20
--

COPY public.ciudad (ciudad_id, nombre_ciudad, pais_id) FROM stdin;
0	Nueva York	0
1	Milan	1
2	Roma	1
3	Tel Aviv	2
4	El Cairo	3
5	Santiago	4
6	Beijing	2
7	Amsterdam	5
8	Caracas	6
9	Seul	7
10	San Francisco	0
11	Estambul	8
12	Sidney	9
13	Ibiza	10
14	Atenas	11
15	Toronto	12
16	Shangai	2
17	Miami	0
18	Nueva Delhi	13
19	Buenos Aires	14
20	Hong Kong	15
21	Rio de Janeiro	16
22	Montevideo	17
23	Madrid	10
24	Londres	18
25	La Paz	19
26	Lima	20
27	Ciudad del Cabo	21
28	Paris	22
29	Barcelona	10
30	Melbourne	9
31	Sao Pablo	16
32	Chicago	0
33	Cancun	23
34	Tokio	24
\.


--
-- Data for Name: compania; Type: TABLE DATA; Schema: public; Owner: grupo20
--

COPY public.compania (compania_id, nombre_compania, codigo_compania) FROM stdin;
0	LAW	LAW
1	OCEANAIR	COG
2	UNITED	UAN
3	LACSA	LRC
4	LATAM CARGO	UCA
5	AEROVIAS DAP (centro/norte)	ADC
6	LATAM INTER	LAT
7	KALITTA AIR	KAI
8	LATAM DOMESTICO	LUD
9	ETHOPIAN AIRLINES	ETA
10	QANTAS	QAF
11	LATAM ECUADOR	XLE
12	KOREAN AIR	KEA
13	NO_COMPANY	NCY
14	MARTINAIR HOLLAND	MPH
15	EASTERN AIRLINES	EAL
16	BRITISH	BTA
17	ALITALIA	AZI
18	IBERIA	IBE
19	LATAM ARGENTINA	LAM
\.


--
-- Data for Name: coordenada; Type: TABLE DATA; Schema: public; Owner: grupo20
--

COPY public.coordenada (coordenada_id, latitud, longitud) FROM stdin;
0	40.692501068115234	-74.168701171875
1	40.639801025390625	-73.77890014648438
2	45.630001068115234	8.722999572753906
3	41.79999923706055	12.23900032043457
4	32.01139831542969	34.88669967651367
5	30.12190055847168	31.40559959411621
6	-27.261600494384766	-70.77909851074219
7	40.777198791503906	-73.87259674072266
8	40.080101013183594	116.58499908447266
9	52.30805587768555	4.764166831970215
10	10.603099822998047	-66.9906005859375
11	37.462501525878906	126.43916320800781
12	37.61899948120117	-122.375
13	40.97222137451172	28.823888778686523
14	-33.9466667175293	151.17611694335938
15	38.87408447265625	1.3744332790374756
16	37.9364013671875	23.944499969482422
17	43.676998138427734	-79.63099670410156
18	31.143400192260742	121.80500030517578
19	25.79319953918457	-80.29060363769531
20	28.566499710083008	77.10310363769531
21	-34.821998596191406	-58.5359992980957
22	22.308900833129883	113.91500091552734
23	-22.809999465942383	-43.250999450683594
24	-34.83380126953125	-56.02799987792969
25	40.47222137451172	-3.560833215713501
26	43.03300094604492	-81.1510009765625
27	-16.51300048828125	-68.18299865722656
28	-12.021666526794434	-77.11444091796875
29	-33.97138977050781	18.60416603088379
30	49.00973129272461	2.5477800369262695
31	41.30138397216797	2.091073989868164
32	-37.66972351074219	144.8380584716797
33	-23.429445266723633	-46.4658317565918
34	-33.394100189208984	-70.79350280761719
35	41.978599548339844	-87.90480041503906
36	21.036500930786133	-86.8770980834961
37	35.55229949951172	139.77999877929688
38	-33.92333221435547	150.9902801513672
39	\N	\N
40	\N	\N
41	\N	\N
42	\N	\N
43	\N	\N
44	\N	\N
45	\N	\N
46	\N	\N
47	\N	\N
48	\N	\N
49	\N	\N
50	\N	\N
51	\N	\N
52	\N	\N
53	\N	\N
54	\N	\N
55	\N	\N
56	\N	\N
57	\N	\N
58	\N	\N
\.


--
-- Data for Name: fpl; Type: TABLE DATA; Schema: public; Owner: grupo20
--

COPY public.fpl (fpl_id, ruta_id, velocidad, altitud, tipo, max_pasajeros, realizado, licencia_id_piloto, licencia_id_copiloto, vuelo_id) FROM stdin;
\.


--
-- Data for Name: licencia; Type: TABLE DATA; Schema: public; Owner: grupo20
--

COPY public.licencia (licencia_id, fecha_habilitacion, fecha_termino, categoria, pasaporte) FROM stdin;
19	2020-06-19	2022-06-19	piloto comercial	G16561693
12	2020-06-17	2022-06-17	piloto privado	S26547035
13	2018-06-12	2020-06-11	piloto comercial	L01109034
49	2022-06-21	2024-06-21	piloto comercial	V51246373
29	2020-06-19	2022-06-19	piloto comercial	F40422038
35	2020-06-18	2022-06-18	piloto comercial	B96464671
6	2020-06-19	2022-06-19	piloto comercial	L01109034
30	2019-02-07	2021-02-06	piloto comercial	H50641909
20	2018-06-16	2020-06-15	piloto comercial	C02131672
40	2022-02-20	2024-02-20	piloto aviador militar	O88716397
14	2019-04-23	2021-04-22	piloto comercial	O88716397
11	2021-06-02	2023-06-02	piloto comercial	A35692355
5	2018-05-21	2020-05-20	piloto comercial	Q46419538
41	2020-06-19	2022-06-19	piloto privado	C02131672
37	2020-09-08	2022-09-08	piloto comercial	L89163667
45	2021-06-01	2023-06-01	piloto comercial	J22810925
17	2021-02-19	2023-02-19	piloto privado	A85793465
47	2020-06-19	2022-06-19	piloto comercial	E10934506
46	2020-06-17	2022-06-17	piloto comercial	S26547035
43	2020-06-19	2022-06-19	piloto privado	L91489362
44	2020-12-25	2022-12-25	piloto privado	H06267236
34	2019-06-01	2021-05-31	piloto privado	J22810925
9	2018-05-20	2020-05-19	piloto comercial	Q49180524
16	2018-05-28	2020-05-27	piloto comercial	I74549867
2	2020-06-18	2022-06-18	piloto comercial	C02131672
22	2021-02-07	2023-02-07	piloto comercial	H50641909
21	2019-02-19	2021-02-18	piloto privado	A85793465
4	2018-06-08	2020-06-07	piloto comercial	V51246373
32	2020-06-18	2022-06-18	piloto aviador militar	L91489362
39	2018-05-19	2020-05-18	piloto privado	S26547035
50	2022-06-21	2024-06-21	piloto comercial	L01109034
8	2018-09-08	2020-09-07	piloto comercial	L89163667
33	2018-06-10	2020-06-09	piloto comercial	F40422038
51	2021-02-07	2023-02-07	piloto privado	H50641909
42	2020-06-19	2022-06-19	piloto comercial	L91489362
15	2021-06-01	2023-06-01	piloto privado	J22810925
26	2020-12-25	2022-12-25	piloto aviador militar	H06267236
1	2019-04-06	2021-04-05	piloto comercial	O98651462
23	2019-06-02	2021-06-01	piloto comercial	A35692355
0	2020-06-19	2022-06-19	piloto comercial	Q49180524
10	2018-06-11	2020-06-10	piloto comercial	G16561693
38	2018-05-25	2020-05-24	piloto comercial	B96464671
18	2018-06-15	2020-06-14	piloto privado	E10934506
28	2020-06-19	2022-06-19	piloto comercial	I74549867
31	2021-04-23	2023-04-23	piloto comercial	O88716397
3	2018-05-26	2020-05-25	piloto aviador militar	L91489362
7	2020-06-19	2022-06-19	piloto comercial	Q46419538
53	2020-06-19	2022-06-19	piloto comercial	L91489362
25	2021-04-06	2023-04-06	piloto comercial	O98651462
27	2018-12-25	2020-12-24	piloto aviador militar	H06267236
48	2021-02-23	2023-02-23	piloto comercial	A85793465
52	2020-12-25	2022-12-25	piloto comercial	H06267236
24	2020-06-19	2022-06-19	piloto comercial	V51246373
36	2020-06-19	2022-06-19	piloto privado	E10934506
\.


--
-- Data for Name: operaciones; Type: TABLE DATA; Schema: public; Owner: grupo20
--

COPY public.operaciones (operacion_id, tipo, fpl_id, aerodromo_id, fecha, puerto_id, pista_id, aeronave_id) FROM stdin;
\.


--
-- Data for Name: pais; Type: TABLE DATA; Schema: public; Owner: grupo20
--

COPY public.pais (pais_id, nombre_pais) FROM stdin;
0	Estados Unidos
1	Italia
2	China
3	Egipto
4	Chile
5	Paises Bajos
6	Venezuela
7	Corea del Sur
8	Turquia
9	Australia
10	España
11	Grecia
12	Canada
13	India
14	Argentina
15	Hong Kong
16	Brasil
17	Uruguay
18	Inglaterra
19	Bolivia
20	Peru
21	Sudafrica
22	Francia
23	Mexico
24	Japon
\.


--
-- Data for Name: pista; Type: TABLE DATA; Schema: public; Owner: grupo20
--

COPY public.pista (pista_id, codigo_pista, aerodromo_id) FROM stdin;
0	23R	71
1	71R	11
2	88L	57
3	33R	55
4	84R	37
5	46L	27
6	55L	73
7	76L	57
8	15L	75
9	99R	33
10	11L	45
11	26L	65
12	16R	11
13	26L	41
14	19L	15
15	68R	69
16	28L	69
17	92R	25
18	37L	67
19	26L	61
20	45R	25
21	86R	21
22	45L	65
23	42R	35
24	83R	13
25	62L	21
26	77L	63
27	37R	69
28	62R	37
29	98L	3
30	60R	45
31	16L	3
32	37L	59
33	72L	35
34	23R	7
35	95L	25
36	29R	43
37	45L	3
38	52R	29
39	27L	71
40	54L	17
41	36R	15
42	22L	21
43	85L	49
44	98R	67
45	91L	53
46	73L	51
47	70L	43
48	99L	19
49	90L	61
50	84L	31
51	58R	41
52	72L	23
53	89R	63
54	25L	13
55	49L	49
56	42L	57
57	80L	73
58	34L	5
59	29R	35
60	19L	7
61	31L	37
62	37L	51
63	15L	51
64	72R	1
65	58R	69
66	18L	25
67	96R	9
68	64R	47
69	44R	45
70	63L	29
71	90L	7
72	19R	17
73	72R	15
74	14L	1
75	16R	5
76	79L	9
77	18R	37
78	27L	61
79	94L	33
80	83L	53
81	69R	41
82	80R	1
83	85R	23
84	51L	73
85	30L	15
86	22L	65
87	46L	19
88	72L	39
89	69R	57
90	73L	7
91	32R	7
92	56L	59
93	14L	27
94	70R	75
95	56L	49
96	24R	59
97	91L	55
98	38R	25
99	71R	3
100	15R	19
101	71R	63
102	74R	21
103	85R	69
104	15L	39
105	16L	15
106	36L	11
107	19L	33
108	44R	55
109	25L	41
110	57L	37
111	64R	17
112	16L	41
113	55L	43
114	89L	73
115	45L	27
116	46L	29
117	43L	77
118	57R	77
119	28R	31
120	24R	75
121	92L	13
122	20R	53
123	38R	31
124	38L	37
125	28L	45
126	63R	61
127	35L	61
128	80R	45
129	47R	47
130	55R	1
131	60L	71
132	41R	35
133	45R	47
134	94L	49
135	96L	27
136	81L	11
137	51R	5
138	34R	77
139	63R	39
140	89L	11
141	32R	11
142	53L	51
143	12L	75
144	34L	29
145	76L	3
146	55R	19
147	51R	57
148	21R	65
149	99L	55
150	14R	67
151	42L	49
152	62R	29
153	89L	21
154	59R	65
\.


--
-- Data for Name: propuestas; Type: TABLE DATA; Schema: public; Owner: grupo20
--

COPY public.propuestas (propuesta_vuelo_id, fecha_envio, compania_id, vuelo_id) FROM stdin;
112	2022-04-08	0	0
122	2022-03-03	0	1
32	2022-05-25	1	2
169	2022-05-18	2	3
168	2022-03-07	2	4
131	2022-04-01	3	6
118	2022-04-07	0	7
182	2022-04-22	4	8
1	2022-04-13	5	9
102	2022-03-01	6	10
77	2022-04-10	7	11
78	2022-03-29	7	12
139	2022-03-26	8	13
53	2022-03-15	9	14
175	2022-04-13	2	15
120	2022-03-27	0	16
68	2022-05-08	7	19
173	2022-04-27	2	20
167	2022-05-05	10	21
190	2022-05-08	11	22
92	2022-03-07	12	23
161	2022-03-14	13	24
91	2022-05-19	12	25
158	2022-04-30	13	26
75	2022-04-05	7	27
154	2022-04-02	13	28
125	2022-04-19	0	29
126	2022-04-25	0	30
115	2022-04-23	0	31
149	2022-05-19	14	32
152	2022-03-02	13	34
5	2022-04-29	5	35
48	2022-03-17	15	37
148	2022-04-04	14	39
56	2022-05-07	9	40
184	2022-04-24	4	41
135	2022-05-25	3	42
83	2022-04-04	7	43
160	2022-03-16	13	44
191	2022-03-16	11	45
165	2022-03-22	10	46
42	2022-03-15	1	47
185	2022-04-25	4	48
194	2022-04-04	11	49
26	2022-05-24	16	50
21	2022-03-28	16	51
128	2022-03-22	3	52
164	2022-04-30	10	53
4	2022-05-08	5	54
31	2022-05-16	16	55
11	2022-03-04	17	56
84	2022-04-10	7	57
2	2022-03-30	5	58
88	2022-03-03	12	60
172	2022-04-01	2	61
38	2022-04-26	1	62
127	2022-05-01	0	64
80	2022-03-24	7	66
45	2022-04-23	15	67
8	2022-03-03	5	68
36	2022-03-08	1	69
133	2022-03-03	3	70
6	2022-04-18	5	72
153	2022-04-30	13	73
119	2022-04-09	0	74
54	2022-03-02	9	75
70	2022-03-19	7	76
104	2022-05-17	6	77
60	2022-03-23	18	79
34	2022-03-21	1	80
155	2022-05-21	13	81
107	2022-05-16	6	82
123	2022-05-18	0	83
186	2022-03-24	4	84
146	2022-04-13	8	85
14	2022-05-22	17	86
198	2022-04-30	11	87
65	2022-04-06	18	88
171	2022-05-24	2	89
143	2022-03-17	8	90
39	2022-03-10	1	91
103	2022-03-20	6	92
97	2022-05-06	19	93
28	2022-04-26	16	94
178	2022-04-18	4	95
59	2022-05-17	18	96
111	2022-05-24	0	97
63	2022-03-08	18	98
41	2022-05-02	1	99
141	2022-04-23	8	100
3	2022-03-21	5	102
46	2022-04-20	15	103
197	2022-03-09	11	105
35	2022-03-19	1	106
85	2022-03-04	7	107
44	2022-03-21	15	108
166	2022-05-05	10	110
52	2022-05-12	9	112
105	2022-03-18	6	113
187	2022-03-30	4	114
74	2022-05-18	7	115
33	2022-04-02	1	116
61	2022-04-09	18	117
180	2022-05-15	4	118
174	2022-03-28	2	119
9	2022-05-16	17	120
196	2022-04-23	11	121
177	2022-04-17	4	122
159	2022-04-05	13	123
156	2022-04-09	13	124
124	2022-03-30	0	125
37	2022-03-14	1	126
163	2022-04-27	10	127
73	2022-05-18	7	128
183	2022-05-17	4	129
162	2022-03-15	10	131
43	2022-05-24	15	132
10	2022-04-16	17	133
151	2022-03-13	13	134
181	2022-04-21	4	135
17	2022-04-30	17	136
108	2022-05-20	6	137
157	2022-03-06	13	140
72	2022-05-13	7	142
64	2022-03-18	18	144
138	2022-04-14	8	145
145	2022-05-20	8	146
134	2022-03-06	3	147
132	2022-03-08	3	148
29	2022-03-14	16	149
110	2022-05-08	6	150
81	2022-03-15	7	151
50	2022-05-03	9	152
136	2022-03-21	3	153
51	2022-03-20	9	154
69	2022-05-09	7	155
129	2022-05-07	3	156
71	2022-05-13	7	157
114	2022-03-08	0	159
66	2022-04-19	7	160
170	2022-03-10	2	161
130	2022-03-03	3	164
86	2022-04-18	7	165
106	2022-05-06	6	166
30	2022-04-21	16	168
25	2022-05-16	16	169
13	2022-03-27	17	170
113	2022-03-17	0	172
55	2022-03-07	9	173
121	2022-05-25	0	174
142	2022-04-16	8	175
140	2022-04-26	8	176
144	2022-03-19	8	178
16	2022-03-10	17	180
192	2022-04-23	11	181
19	2022-04-15	16	182
15	2022-04-07	17	183
100	2022-03-16	19	184
49	2022-03-08	9	185
96	2022-04-22	19	186
188	2022-04-02	4	187
7	2022-03-12	5	188
67	2022-05-06	7	189
0	2022-05-26	5	190
98	2022-04-08	19	193
89	2022-05-08	12	194
117	2022-05-01	0	195
20	2022-05-02	16	198
99	2022-04-07	19	199
101	2022-04-06	19	200
93	2022-05-09	12	203
24	2022-03-03	16	206
12	2022-03-19	17	207
116	2022-05-11	0	208
94	2022-04-26	12	209
22	2022-03-04	16	210
147	2022-03-01	8	211
189	2022-05-17	11	212
87	2022-03-23	7	214
195	2022-03-26	11	215
58	2022-03-04	18	216
179	2022-04-19	4	217
57	2022-05-25	9	218
40	2022-05-06	1	219
79	2022-03-05	7	220
150	2022-03-05	14	223
23	2022-03-07	16	225
62	2022-05-16	18	226
193	2022-03-08	11	228
82	2022-04-18	7	229
95	2022-05-09	19	230
137	2022-04-13	8	231
18	2022-04-25	16	232
176	2022-04-16	4	235
76	2022-03-30	7	237
47	2022-04-22	15	238
27	2022-05-25	16	239
109	2022-03-03	6	240
90	2022-03-24	12	241
\.


--
-- Data for Name: puerto; Type: TABLE DATA; Schema: public; Owner: grupo20
--

COPY public.puerto (puerto_id, codigo_puerto, aerodromo_id) FROM stdin;
0	844	71
1	902	11
2	580	57
3	285	11
4	933	55
5	458	37
6	968	27
7	275	73
8	972	75
9	988	33
10	597	45
11	204	65
12	885	11
13	952	41
14	248	15
15	858	69
16	847	69
17	101	15
18	208	25
19	475	67
20	693	61
21	763	25
22	197	21
23	352	57
24	509	71
25	500	35
26	981	13
27	806	63
28	852	37
29	285	3
30	233	45
31	565	3
32	578	59
33	972	35
34	708	7
35	133	67
36	835	15
37	444	25
38	462	43
39	906	29
40	668	17
41	577	63
42	930	21
43	272	49
44	339	73
45	542	27
46	488	57
47	548	67
48	787	53
49	106	51
50	251	43
51	674	19
52	605	61
53	434	31
54	286	41
55	345	23
56	921	15
57	664	63
58	635	7
59	802	13
60	418	49
61	967	5
62	237	49
63	899	51
64	245	7
65	516	37
66	231	51
67	932	3
68	517	65
69	510	75
70	755	1
71	693	69
72	725	19
73	487	9
74	933	47
75	349	61
76	641	29
77	499	5
78	407	7
79	369	57
80	567	1
81	681	69
82	514	9
83	985	37
84	462	61
85	906	7
86	122	33
87	308	25
88	285	43
89	308	41
90	112	51
91	466	1
92	771	23
93	721	73
94	917	15
95	295	75
96	430	75
97	732	25
98	205	65
99	131	43
100	954	39
101	134	41
102	126	67
103	693	7
104	491	71
105	761	59
106	541	27
107	386	61
108	431	43
109	829	35
110	628	59
111	380	55
112	857	19
113	740	43
114	601	3
115	923	21
116	735	33
117	754	69
118	620	39
119	744	55
120	474	71
121	154	37
122	405	61
123	990	17
124	756	53
125	246	63
126	807	73
127	599	27
128	100	21
129	928	29
130	704	17
131	719	41
132	918	35
133	997	77
134	413	77
135	710	1
136	946	31
137	295	33
138	373	13
139	879	19
140	122	17
141	319	13
142	717	5
143	263	31
144	678	27
145	722	33
146	605	25
147	627	47
148	351	21
149	674	51
150	629	55
151	319	47
152	580	31
153	735	39
154	863	1
155	749	45
156	731	47
157	306	1
158	446	49
159	363	11
160	246	15
161	138	9
162	840	47
163	683	57
164	900	65
165	535	11
166	363	17
167	223	35
168	208	45
169	703	23
170	349	29
171	505	37
172	490	73
173	872	65
174	973	9
175	630	67
176	335	31
177	775	3
178	769	19
179	645	13
180	390	33
181	253	41
182	680	45
183	559	77
184	472	73
185	632	3
186	119	57
187	791	39
188	114	55
189	504	55
190	560	45
191	818	23
192	895	5
193	799	49
194	538	35
195	577	77
196	131	75
197	206	63
198	477	9
199	376	39
200	942	9
201	991	39
202	244	59
203	271	17
204	799	69
205	630	75
206	775	51
207	480	5
208	532	53
209	498	31
210	781	65
211	563	49
212	884	11
213	148	29
214	737	19
215	949	21
216	936	59
217	924	53
218	454	29
219	558	47
220	971	67
221	414	53
222	684	77
223	240	59
224	179	27
225	667	63
226	765	71
227	102	23
228	918	71
229	388	77
230	674	13
231	407	23
232	181	53
233	321	5
\.


--
-- Data for Name: ruta; Type: TABLE DATA; Schema: public; Owner: grupo20
--

COPY public.ruta (ruta_id, cardinalidad, nombre_ruta, nombre_punto, coordenada_id) FROM stdin;
\.


--
-- Data for Name: vuelo; Type: TABLE DATA; Schema: public; Owner: grupo20
--

COPY public.vuelo (vuelo_id, estado, codigo, fecha_salida, fecha_llegada, aerodromo_salida, aerodromo_llegada, aeronave_id) FROM stdin;
0	aceptado	LAW1451	2022-05-08	2022-05-08	61	31	34
1	aceptado	LAW7592	2022-04-03	2022-04-03	75	45	15
2	pendiente	COG1158	2022-06-25	2022-06-25	33	21	31
3	aceptado	UAN2468	2022-06-18	2022-06-18	35	33	3
4	aceptado	UAN1658	2022-04-07	2022-04-07	29	37	4
5	rechazado	UAN1938	2022-04-08	2022-04-08	65	27	26
6	aceptado	LRC4781	2022-05-01	2022-05-02	47	65	4
7	aceptado	LAW5896	2022-05-07	2022-05-08	1	31	31
8	aceptado	UCA2699	2022-05-22	2022-05-22	41	61	32
9	pendiente	ADC4277	2022-05-13	2022-05-13	25	47	34
10	aceptado	LAT1186	2022-04-01	2022-04-01	53	45	2
11	pendiente	KAI5174	2022-05-10	2022-05-10	1	13	23
12	aceptado	KAI6386	2022-04-29	2022-04-29	69	39	24
13	aceptado	LUD3851	2022-04-26	2022-04-26	67	47	32
14	aceptado	ETA6742	2022-04-15	2022-04-15	41	61	29
15	pendiente	UAN6566	2022-05-13	2022-05-13	77	73	21
16	aceptado	LAW6351	2022-04-27	2022-04-28	17	1	30
17	pendiente	XLE1281	2022-06-12	2022-06-12	9	37	7
18	rechazado	MPH5842	2022-06-04	2022-06-04	73	5	18
19	aceptado	KAI2237	2022-06-08	2022-06-08	71	73	31
20	aceptado	UAN5954	2022-05-27	2022-05-27	49	71	30
21	aceptado	QAF8375	2022-06-05	2022-06-05	65	43	23
22	aceptado	XLE2673	2022-06-08	2022-06-08	43	9	15
23	aceptado	KEA7139	2022-04-07	2022-04-07	17	41	3
24	aceptado	NCY9851	2022-04-14	2022-04-14	59	57	32
25	aceptado	KEA5763	2022-06-19	2022-06-20	39	61	3
26	aceptado	NCY6746	2022-05-31	2022-05-31	49	65	19
27	aceptado	KAI2862	2022-05-05	2022-05-05	1	53	21
28	aceptado	NCY4311	2022-05-02	2022-05-02	71	49	21
29	aceptado	LAW9189	2022-05-19	2022-05-19	51	15	34
30	aceptado	LAW9612	2022-05-25	2022-05-26	19	35	3
31	aceptado	LAW3477	2022-05-23	2022-05-23	29	61	4
32	aceptado	MPH4719	2022-06-19	2022-06-19	77	51	13
33	aceptado	LRC6557	2022-06-16	2022-06-17	33	77	10
34	aceptado	NCY3184	2022-04-02	2022-04-03	71	55	16
35	aceptado	ADC8249	2022-05-29	2022-05-29	61	13	19
36	pendiente	ADC2433	2022-05-03	2022-05-03	29	23	7
37	pendiente	EAL9981	2022-04-17	2022-04-17	3	23	20
38	pendiente	UAN4384	2022-06-25	2022-06-25	61	21	0
39	aceptado	MPH1782	2022-05-04	2022-05-04	33	61	32
40	aceptado	ETA8691	2022-06-07	2022-06-07	21	75	31
41	aceptado	UCA2799	2022-05-24	2022-05-24	41	61	32
42	aceptado	LRC9582	2022-06-25	2022-06-25	29	3	3
43	aceptado	KAI8425	2022-05-04	2022-05-04	27	3	34
44	aceptado	NCY9589	2022-04-16	2022-04-16	11	11	1
45	aceptado	XLE3285	2022-04-16	2022-04-16	75	47	29
46	aceptado	QAF8273	2022-04-22	2022-04-22	5	47	33
47	aceptado	COG9963	2022-04-15	2022-04-15	45	51	1
48	aceptado	UCA2899	2022-05-25	2022-05-25	39	61	32
49	aceptado	XLE4859	2022-05-04	2022-05-04	43	9	16
50	aceptado	BTA6594	2022-06-24	2022-06-24	49	33	19
51	aceptado	BTA3276	2022-04-28	2022-04-28	53	51	15
52	pendiente	LRC1458	2022-04-22	2022-04-22	57	7	34
53	aceptado	QAF6392	2022-05-31	2022-05-31	29	11	28
54	aceptado	ADC7913	2022-06-08	2022-06-08	61	59	8
55	aceptado	BTA9626	2022-06-16	2022-06-16	57	5	14
56	pendiente	AZI2919	2022-04-04	2022-04-04	3	23	14
57	aceptado	KAI8523	2022-05-10	2022-05-10	19	73	3
58	aceptado	ADC4365	2022-04-30	2022-05-01	27	31	33
59	aceptado	LAM4234	2022-06-24	2022-06-25	75	71	27
60	aceptado	KEA1414	2022-04-03	2022-04-03	29	47	19
61	aceptado	UAN4998	2022-05-01	2022-05-01	17	77	30
62	aceptado	COG6548	2022-05-26	2022-05-26	55	59	14
63	aceptado	AZI8744	2022-06-14	2022-06-15	65	45	10
64	aceptado	LAW9752	2022-06-01	2022-06-01	17	73	23
65	pendiente	KAI6421	2022-04-22	2022-04-22	19	65	18
66	aceptado	KAI7192	2022-04-24	2022-04-25	41	45	30
67	aceptado	EAL8271	2022-05-23	2022-05-24	57	19	14
68	aceptado	ADC9962	2022-04-03	2022-04-03	27	11	21
69	aceptado	COG6133	2022-04-08	2022-04-08	9	3	8
70	pendiente	LRC6743	2022-04-03	2022-04-03	73	33	28
71	aceptado	KAI1624	2022-05-28	2022-05-29	37	39	18
72	aceptado	ADC9112	2022-05-18	2022-05-18	45	77	4
73	aceptado	NCY3933	2022-05-31	2022-05-31	39	15	20
74	aceptado	LAW6318	2022-05-09	2022-05-09	47	55	21
75	aceptado	ETA7128	2022-04-02	2022-04-02	5	23	9
76	aceptado	KAI2257	2022-04-19	2022-04-20	23	43	13
77	aceptado	LAT4157	2022-06-17	2022-06-18	37	61	17
78	aceptado	KAI9934	2022-06-25	2022-06-25	11	9	5
79	aceptado	IBE2338	2022-04-23	2022-04-23	41	61	4
80	aceptado	COG3144	2022-04-21	2022-04-22	39	71	19
81	rechazado	NCY4322	2022-06-21	2022-06-21	39	45	13
82	aceptado	LAT5532	2022-06-16	2022-06-17	33	17	11
83	pendiente	LAW8124	2022-06-18	2022-06-18	69	3	13
84	aceptado	UCA3459	2022-04-24	2022-04-24	73	9	34
85	aceptado	LUD9372	2022-05-13	2022-05-14	39	37	17
86	pendiente	AZI6648	2022-06-22	2022-06-22	19	41	9
87	pendiente	XLE8718	2022-05-30	2022-05-31	11	33	21
88	aceptado	IBE9967	2022-05-06	2022-05-06	3	67	2
89	pendiente	UAN4941	2022-06-24	2022-06-24	71	17	2
90	aceptado	LUD7112	2022-04-17	2022-04-17	63	17	13
91	aceptado	COG7359	2022-04-10	2022-04-10	65	65	3
92	aceptado	LAT2175	2022-04-20	2022-04-20	17	1	22
93	rechazado	LAM5782	2022-06-06	2022-06-07	61	7	30
94	aceptado	BTA6916	2022-05-26	2022-05-26	21	9	2
95	aceptado	UCA2399	2022-05-18	2022-05-18	41	61	32
96	aceptado	IBE1653	2022-06-17	2022-06-17	31	19	4
97	aceptado	LAW1134	2022-06-24	2022-06-25	27	5	9
98	pendiente	IBE6559	2022-04-08	2022-04-08	1	23	30
99	pendiente	COG8521	2022-06-02	2022-06-03	47	21	21
100	aceptado	LUD5927	2022-05-23	2022-05-23	75	37	2
101	aceptado	LAM9681	2022-04-04	2022-04-05	9	15	26
102	aceptado	ADC6283	2022-04-21	2022-04-21	71	33	29
103	aceptado	EAL8614	2022-05-20	2022-05-20	29	57	3
104	aceptado	IBE8288	2022-06-09	2022-06-09	29	61	25
105	aceptado	XLE7933	2022-04-09	2022-04-10	57	61	29
106	aceptado	COG4299	2022-04-19	2022-04-20	23	13	29
107	aceptado	KAI8597	2022-04-04	2022-04-04	47	73	23
108	aceptado	EAL7933	2022-04-21	2022-04-21	71	47	29
109	aceptado	LAT3518	2022-04-22	2022-04-22	13	43	22
110	aceptado	QAF8281	2022-06-05	2022-06-05	45	39	11
111	rechazado	KAI7757	2022-04-06	2022-04-06	63	13	18
112	aceptado	ETA6487	2022-06-12	2022-06-12	35	53	3
113	aceptado	LAT4657	2022-04-18	2022-04-19	9	65	22
114	aceptado	UCA4751	2022-04-30	2022-05-01	37	61	19
115	aceptado	KAI2657	2022-06-21	2022-06-21	1	73	12
116	aceptado	COG2223	2022-05-02	2022-05-02	45	13	28
117	aceptado	IBE3388	2022-05-09	2022-05-09	15	73	32
118	rechazado	UCA2521	2022-06-15	2022-06-15	27	45	21
119	aceptado	UAN6387	2022-04-28	2022-04-28	13	71	9
120	aceptado	AZI1524	2022-06-16	2022-06-16	11	61	24
121	aceptado	XLE5463	2022-05-23	2022-05-23	17	51	29
122	aceptado	UCA2299	2022-05-17	2022-05-17	39	61	32
123	aceptado	NCY8756	2022-05-05	2022-05-05	37	33	20
124	aceptado	NCY5615	2022-05-09	2022-05-09	47	27	32
125	pendiente	LAW9141	2022-04-30	2022-05-01	31	7	1
126	aceptado	COG6236	2022-04-14	2022-04-14	69	9	17
127	aceptado	QAF4555	2022-05-27	2022-05-27	39	69	19
128	aceptado	KAI2457	2022-06-18	2022-06-18	5	73	31
129	aceptado	UCA2714	2022-06-17	2022-06-17	39	9	17
130	pendiente	LUD3665	2022-05-02	2022-05-03	3	43	6
131	aceptado	QAF4466	2022-04-15	2022-04-15	39	45	29
132	aceptado	EAL6494	2022-06-24	2022-06-24	27	73	14
133	aceptado	AZI2817	2022-05-16	2022-05-16	17	1	24
134	aceptado	NCY1133	2022-04-13	2022-04-13	71	57	29
135	aceptado	UCA2599	2022-05-21	2022-05-22	41	61	7
136	aceptado	AZI8574	2022-05-31	2022-05-31	73	53	16
137	aceptado	LAT6973	2022-06-20	2022-06-20	49	23	12
138	aceptado	AZI1818	2022-05-10	2022-05-10	35	41	22
139	pendiente	ETA4214	2022-06-04	2022-06-04	43	5	25
140	aceptado	NCY5888	2022-04-06	2022-04-06	71	21	20
141	aceptado	LAW2633	2022-04-10	2022-04-10	55	3	7
142	aceptado	KAI2357	2022-06-14	2022-06-14	11	73	31
143	rechazado	MPH2457	2022-06-27	2022-06-27	23	71	5
144	aceptado	IBE8751	2022-04-18	2022-04-18	55	7	29
145	aceptado	LUD2683	2022-05-14	2022-05-15	17	47	30
146	pendiente	LUD8647	2022-06-20	2022-06-20	33	57	33
147	aceptado	LRC7787	2022-04-06	2022-04-06	25	23	28
148	pendiente	LRC5343	2022-04-08	2022-04-08	23	21	20
149	aceptado	BTA8394	2022-04-14	2022-04-14	61	69	29
150	pendiente	LAT9621	2022-06-08	2022-06-08	51	49	12
151	aceptado	KAI7891	2022-04-15	2022-04-15	73	53	22
152	aceptado	ETA2413	2022-06-03	2022-06-03	61	63	16
153	aceptado	LRC9669	2022-04-21	2022-04-21	47	5	22
154	aceptado	ETA5917	2022-04-20	2022-04-20	7	55	29
155	aceptado	KAI2247	2022-06-09	2022-06-09	41	61	31
156	aceptado	LRC4224	2022-06-07	2022-06-07	65	61	19
157	aceptado	KAI2257	2022-06-13	2022-06-13	41	61	31
158	aceptado	UCA9699	2022-04-11	2022-04-11	15	19	26
159	pendiente	LAW2798	2022-04-08	2022-04-08	25	15	32
160	aceptado	KAI1864	2022-05-19	2022-05-19	29	73	4
161	aceptado	UAN2881	2022-04-10	2022-04-11	57	61	30
162	aceptado	LAT3715	2022-05-07	2022-05-07	49	31	7
163	aceptado	AZI2865	2022-06-03	2022-06-03	33	51	27
164	aceptado	LRC4743	2022-04-03	2022-04-03	71	71	8
165	aceptado	KAI9172	2022-05-18	2022-05-18	11	9	15
166	aceptado	LAT5421	2022-06-06	2022-06-06	67	33	23
167	rechazado	BTA6525	2022-06-11	2022-06-11	15	67	0
168	aceptado	BTA8963	2022-05-21	2022-05-21	3	51	19
169	aceptado	BTA6437	2022-06-16	2022-06-16	29	1	3
170	aceptado	AZI6476	2022-04-27	2022-04-27	41	61	11
171	aceptado	XLE2688	2022-04-17	2022-04-17	77	23	7
172	aceptado	LAW2589	2022-04-17	2022-04-17	15	51	17
173	aceptado	ETA7625	2022-04-07	2022-04-07	61	77	2
174	aceptado	LAW7561	2022-06-25	2022-06-25	65	53	30
175	aceptado	LUD6229	2022-05-16	2022-05-17	49	43	21
176	aceptado	LUD5592	2022-05-26	2022-05-26	75	33	1
177	rechazado	ETA7337	2022-06-10	2022-06-10	45	57	26
178	aceptado	LUD7177	2022-04-19	2022-04-19	27	65	4
179	aceptado	LAT3525	2022-06-12	2022-06-13	35	77	18
180	pendiente	AZI7766	2022-04-10	2022-04-10	45	23	29
181	aceptado	XLE4241	2022-05-23	2022-05-24	27	57	34
182	aceptado	BTA1332	2022-05-15	2022-05-15	31	67	23
183	aceptado	AZI6817	2022-05-07	2022-05-07	75	69	24
184	aceptado	LAM9574	2022-04-16	2022-04-16	57	9	22
185	aceptado	ETA1424	2022-04-08	2022-04-09	23	65	21
186	aceptado	LAM4734	2022-05-22	2022-05-23	9	3	9
187	pendiente	UCA7235	2022-05-02	2022-05-02	23	65	31
188	pendiente	ADC9771	2022-04-12	2022-04-12	53	53	20
189	aceptado	KAI2227	2022-06-06	2022-06-07	71	61	31
190	aceptado	ADC3293	2022-06-26	2022-06-26	5	35	30
191	aceptado	ADC1828	2022-05-29	2022-05-29	59	61	6
192	aceptado	LAW7833	2022-05-20	2022-05-20	5	71	5
193	aceptado	LAM8686	2022-05-08	2022-05-08	39	13	33
194	aceptado	KEA2947	2022-06-08	2022-06-08	67	19	23
195	aceptado	LAW4374	2022-06-01	2022-06-01	53	15	13
196	pendiente	LRC4249	2022-05-30	2022-05-31	39	41	22
197	rechazado	KEA4138	2022-06-14	2022-06-15	61	53	22
198	aceptado	BTA2668	2022-06-02	2022-06-02	5	77	28
199	aceptado	LAM9554	2022-05-07	2022-05-07	15	19	2
200	pendiente	LAM9656	2022-05-06	2022-05-06	11	47	4
201	aceptado	XLE4213	2022-05-27	2022-05-27	31	15	0
202	pendiente	LAW3425	2022-06-15	2022-06-15	37	25	7
203	aceptado	KEA7963	2022-06-09	2022-06-09	1	75	4
204	aceptado	NCY3825	2022-05-10	2022-05-11	35	1	18
205	rechazado	LAW4728	2022-04-22	2022-04-22	35	67	7
206	aceptado	BTA5535	2022-04-03	2022-04-03	59	43	6
207	aceptado	AZI3471	2022-04-19	2022-04-19	43	11	15
208	aceptado	LAW4331	2022-06-11	2022-06-12	15	13	8
209	aceptado	KEA8133	2022-05-26	2022-05-26	57	69	12
210	aceptado	BTA4673	2022-04-04	2022-04-04	15	1	19
211	pendiente	LUD9513	2022-04-01	2022-04-02	23	43	4
212	aceptado	XLE1416	2022-06-17	2022-06-17	41	77	19
213	aceptado	UAN3311	2022-06-17	2022-06-17	41	73	18
214	rechazado	KAI9232	2022-04-23	2022-04-23	53	39	31
215	aceptado	XLE5111	2022-04-26	2022-04-26	41	61	14
216	rechazado	IBE1383	2022-04-04	2022-04-05	59	31	20
217	aceptado	UCA2499	2022-05-19	2022-05-19	45	61	32
218	aceptado	ETA8726	2022-06-25	2022-06-25	67	59	19
219	aceptado	COG7539	2022-06-06	2022-06-07	77	53	4
220	pendiente	KAI6683	2022-04-05	2022-04-05	75	55	11
221	aceptado	NCY5556	2022-05-26	2022-05-26	67	63	25
222	aceptado	AZI7128	2022-06-14	2022-06-14	7	59	26
223	aceptado	MPH7574	2022-04-05	2022-04-05	73	45	11
224	aceptado	XLE9888	2022-06-21	2022-06-21	5	3	0
225	aceptado	BTA4764	2022-04-07	2022-04-07	39	33	31
226	aceptado	IBE4998	2022-06-16	2022-06-16	77	71	8
227	aceptado	AZI2474	2022-05-18	2022-05-18	39	51	5
228	aceptado	XLE4796	2022-04-08	2022-04-08	29	41	19
229	aceptado	KAI7891	2022-05-18	2022-05-18	23	69	28
230	aceptado	LAM2243	2022-06-09	2022-06-10	65	45	34
231	aceptado	LUD1927	2022-05-13	2022-05-13	65	7	29
232	aceptado	BTA1165	2022-05-25	2022-05-25	35	61	24
233	aceptado	ADC9476	2022-04-27	2022-04-27	67	53	27
234	aceptado	BTA3645	2022-05-23	2022-05-24	49	39	25
235	aceptado	UCA2199	2022-05-16	2022-05-16	39	61	32
236	aceptado	QAF2773	2022-05-03	2022-05-03	71	21	18
237	aceptado	KAI3589	2022-04-30	2022-05-01	67	39	23
238	aceptado	EAL9637	2022-05-22	2022-05-22	59	31	21
239	aceptado	BTA6727	2022-06-25	2022-06-25	41	29	2
240	aceptado	LAT6995	2022-04-03	2022-04-03	29	9	9
241	aceptado	KEA5177	2022-04-24	2022-04-24	39	65	13
242	aceptado	ETA4955	2022-04-01	2022-04-01	75	25	10
243	pendiente	LRC6215	2022-05-23	2022-05-23	5	13	26
\.


--
-- Name: aerodromos aerodromos_pkey; Type: CONSTRAINT; Schema: public; Owner: grupo20
--

ALTER TABLE ONLY public.aerodromos
    ADD CONSTRAINT aerodromos_pkey PRIMARY KEY (aerodromo_id);


--
-- Name: aeronave aeronave_pkey; Type: CONSTRAINT; Schema: public; Owner: grupo20
--

ALTER TABLE ONLY public.aeronave
    ADD CONSTRAINT aeronave_pkey PRIMARY KEY (aeronave_id);


--
-- Name: certificado certificado_pkey; Type: CONSTRAINT; Schema: public; Owner: grupo20
--

ALTER TABLE ONLY public.certificado
    ADD CONSTRAINT certificado_pkey PRIMARY KEY (certificado_id);


--
-- Name: ciudad ciudad_pkey; Type: CONSTRAINT; Schema: public; Owner: grupo20
--

ALTER TABLE ONLY public.ciudad
    ADD CONSTRAINT ciudad_pkey PRIMARY KEY (ciudad_id);


--
-- Name: compania compania_pkey; Type: CONSTRAINT; Schema: public; Owner: grupo20
--

ALTER TABLE ONLY public.compania
    ADD CONSTRAINT compania_pkey PRIMARY KEY (compania_id);


--
-- Name: coordenada coordenada_pkey; Type: CONSTRAINT; Schema: public; Owner: grupo20
--

ALTER TABLE ONLY public.coordenada
    ADD CONSTRAINT coordenada_pkey PRIMARY KEY (coordenada_id);


--
-- Name: fpl fpl_pkey; Type: CONSTRAINT; Schema: public; Owner: grupo20
--

ALTER TABLE ONLY public.fpl
    ADD CONSTRAINT fpl_pkey PRIMARY KEY (fpl_id);


--
-- Name: licencia licencia_pkey; Type: CONSTRAINT; Schema: public; Owner: grupo20
--

ALTER TABLE ONLY public.licencia
    ADD CONSTRAINT licencia_pkey PRIMARY KEY (licencia_id);


--
-- Name: operaciones operaciones_pkey; Type: CONSTRAINT; Schema: public; Owner: grupo20
--

ALTER TABLE ONLY public.operaciones
    ADD CONSTRAINT operaciones_pkey PRIMARY KEY (operacion_id, tipo);


--
-- Name: pais pais_pkey; Type: CONSTRAINT; Schema: public; Owner: grupo20
--

ALTER TABLE ONLY public.pais
    ADD CONSTRAINT pais_pkey PRIMARY KEY (pais_id);


--
-- Name: pista pista_pkey; Type: CONSTRAINT; Schema: public; Owner: grupo20
--

ALTER TABLE ONLY public.pista
    ADD CONSTRAINT pista_pkey PRIMARY KEY (pista_id);


--
-- Name: propuestas propuestas_pkey; Type: CONSTRAINT; Schema: public; Owner: grupo20
--

ALTER TABLE ONLY public.propuestas
    ADD CONSTRAINT propuestas_pkey PRIMARY KEY (propuesta_vuelo_id);


--
-- Name: puerto puerto_pkey; Type: CONSTRAINT; Schema: public; Owner: grupo20
--

ALTER TABLE ONLY public.puerto
    ADD CONSTRAINT puerto_pkey PRIMARY KEY (puerto_id);


--
-- Name: ruta ruta_pkey; Type: CONSTRAINT; Schema: public; Owner: grupo20
--

ALTER TABLE ONLY public.ruta
    ADD CONSTRAINT ruta_pkey PRIMARY KEY (ruta_id);


--
-- Name: vuelo vuelo_pkey; Type: CONSTRAINT; Schema: public; Owner: grupo20
--

ALTER TABLE ONLY public.vuelo
    ADD CONSTRAINT vuelo_pkey PRIMARY KEY (vuelo_id);


--
-- Name: aerodromos aerodromos_ciudad_id_fkey; Type: FK CONSTRAINT; Schema: public; Owner: grupo20
--

ALTER TABLE ONLY public.aerodromos
    ADD CONSTRAINT aerodromos_ciudad_id_fkey FOREIGN KEY (ciudad_id) REFERENCES public.ciudad(ciudad_id) ON DELETE CASCADE;


--
-- Name: aerodromos aerodromos_coordenada_id_fkey; Type: FK CONSTRAINT; Schema: public; Owner: grupo20
--

ALTER TABLE ONLY public.aerodromos
    ADD CONSTRAINT aerodromos_coordenada_id_fkey FOREIGN KEY (coordenada_id) REFERENCES public.coordenada(coordenada_id) ON DELETE CASCADE;


--
-- Name: certificado certificado_aeronave_id_fkey; Type: FK CONSTRAINT; Schema: public; Owner: grupo20
--

ALTER TABLE ONLY public.certificado
    ADD CONSTRAINT certificado_aeronave_id_fkey FOREIGN KEY (aeronave_id) REFERENCES public.aeronave(aeronave_id) ON DELETE CASCADE;


--
-- Name: ciudad ciudad_pais_id_fkey; Type: FK CONSTRAINT; Schema: public; Owner: grupo20
--

ALTER TABLE ONLY public.ciudad
    ADD CONSTRAINT ciudad_pais_id_fkey FOREIGN KEY (pais_id) REFERENCES public.pais(pais_id) ON DELETE CASCADE;


--
-- Name: fpl fpl_licencia_id_copiloto_fkey; Type: FK CONSTRAINT; Schema: public; Owner: grupo20
--

ALTER TABLE ONLY public.fpl
    ADD CONSTRAINT fpl_licencia_id_copiloto_fkey FOREIGN KEY (licencia_id_copiloto) REFERENCES public.licencia(licencia_id) ON DELETE CASCADE;


--
-- Name: fpl fpl_licencia_id_piloto_fkey; Type: FK CONSTRAINT; Schema: public; Owner: grupo20
--

ALTER TABLE ONLY public.fpl
    ADD CONSTRAINT fpl_licencia_id_piloto_fkey FOREIGN KEY (licencia_id_piloto) REFERENCES public.licencia(licencia_id) ON DELETE CASCADE;


--
-- Name: fpl fpl_ruta_id_fkey; Type: FK CONSTRAINT; Schema: public; Owner: grupo20
--

ALTER TABLE ONLY public.fpl
    ADD CONSTRAINT fpl_ruta_id_fkey FOREIGN KEY (ruta_id) REFERENCES public.ruta(ruta_id) ON DELETE CASCADE;


--
-- Name: fpl fpl_vuelo_id_fkey; Type: FK CONSTRAINT; Schema: public; Owner: grupo20
--

ALTER TABLE ONLY public.fpl
    ADD CONSTRAINT fpl_vuelo_id_fkey FOREIGN KEY (vuelo_id) REFERENCES public.vuelo(vuelo_id) ON DELETE CASCADE;


--
-- Name: operaciones operaciones_aerodromo_id_fkey; Type: FK CONSTRAINT; Schema: public; Owner: grupo20
--

ALTER TABLE ONLY public.operaciones
    ADD CONSTRAINT operaciones_aerodromo_id_fkey FOREIGN KEY (aerodromo_id) REFERENCES public.aerodromos(aerodromo_id) ON DELETE CASCADE;


--
-- Name: operaciones operaciones_aeronave_id_fkey; Type: FK CONSTRAINT; Schema: public; Owner: grupo20
--

ALTER TABLE ONLY public.operaciones
    ADD CONSTRAINT operaciones_aeronave_id_fkey FOREIGN KEY (aeronave_id) REFERENCES public.aeronave(aeronave_id) ON DELETE CASCADE;


--
-- Name: operaciones operaciones_fpl_id_fkey; Type: FK CONSTRAINT; Schema: public; Owner: grupo20
--

ALTER TABLE ONLY public.operaciones
    ADD CONSTRAINT operaciones_fpl_id_fkey FOREIGN KEY (fpl_id) REFERENCES public.fpl(fpl_id) ON DELETE CASCADE;


--
-- Name: operaciones operaciones_pista_id_fkey; Type: FK CONSTRAINT; Schema: public; Owner: grupo20
--

ALTER TABLE ONLY public.operaciones
    ADD CONSTRAINT operaciones_pista_id_fkey FOREIGN KEY (pista_id) REFERENCES public.pista(pista_id) ON DELETE CASCADE;


--
-- Name: operaciones operaciones_puerto_id_fkey; Type: FK CONSTRAINT; Schema: public; Owner: grupo20
--

ALTER TABLE ONLY public.operaciones
    ADD CONSTRAINT operaciones_puerto_id_fkey FOREIGN KEY (puerto_id) REFERENCES public.puerto(puerto_id) ON DELETE CASCADE;


--
-- Name: pista pista_aerodromo_id_fkey; Type: FK CONSTRAINT; Schema: public; Owner: grupo20
--

ALTER TABLE ONLY public.pista
    ADD CONSTRAINT pista_aerodromo_id_fkey FOREIGN KEY (aerodromo_id) REFERENCES public.aerodromos(aerodromo_id) ON DELETE CASCADE;


--
-- Name: propuestas propuestas_compania_id_fkey; Type: FK CONSTRAINT; Schema: public; Owner: grupo20
--

ALTER TABLE ONLY public.propuestas
    ADD CONSTRAINT propuestas_compania_id_fkey FOREIGN KEY (compania_id) REFERENCES public.compania(compania_id) ON DELETE CASCADE;


--
-- Name: propuestas propuestas_vuelo_id_fkey; Type: FK CONSTRAINT; Schema: public; Owner: grupo20
--

ALTER TABLE ONLY public.propuestas
    ADD CONSTRAINT propuestas_vuelo_id_fkey FOREIGN KEY (vuelo_id) REFERENCES public.vuelo(vuelo_id) ON DELETE CASCADE;


--
-- Name: puerto puerto_aerodromo_id_fkey; Type: FK CONSTRAINT; Schema: public; Owner: grupo20
--

ALTER TABLE ONLY public.puerto
    ADD CONSTRAINT puerto_aerodromo_id_fkey FOREIGN KEY (aerodromo_id) REFERENCES public.aerodromos(aerodromo_id) ON DELETE CASCADE;


--
-- Name: ruta ruta_coordenada_id_fkey; Type: FK CONSTRAINT; Schema: public; Owner: grupo20
--

ALTER TABLE ONLY public.ruta
    ADD CONSTRAINT ruta_coordenada_id_fkey FOREIGN KEY (coordenada_id) REFERENCES public.coordenada(coordenada_id) ON DELETE CASCADE;


--
-- Name: vuelo vuelo_aerodromo_llegada_fkey; Type: FK CONSTRAINT; Schema: public; Owner: grupo20
--

ALTER TABLE ONLY public.vuelo
    ADD CONSTRAINT vuelo_aerodromo_llegada_fkey FOREIGN KEY (aerodromo_llegada) REFERENCES public.aerodromos(aerodromo_id) ON DELETE CASCADE;


--
-- Name: vuelo vuelo_aerodromo_salida_fkey; Type: FK CONSTRAINT; Schema: public; Owner: grupo20
--

ALTER TABLE ONLY public.vuelo
    ADD CONSTRAINT vuelo_aerodromo_salida_fkey FOREIGN KEY (aerodromo_salida) REFERENCES public.aerodromos(aerodromo_id) ON DELETE CASCADE;


--
-- Name: vuelo vuelo_aeronave_id_fkey; Type: FK CONSTRAINT; Schema: public; Owner: grupo20
--

ALTER TABLE ONLY public.vuelo
    ADD CONSTRAINT vuelo_aeronave_id_fkey FOREIGN KEY (aeronave_id) REFERENCES public.aeronave(aeronave_id) ON DELETE CASCADE;


--
-- PostgreSQL database dump complete
--

